<?xml version="1.0" encoding="UTF-8" standalone="yes"?>
<catalog totalSize="1">
    <template>
        <type>CONTAINER</type>
        <name>DeckContainer</name>
        <tags/>
        <lockState>UNLOCKED</lockState>
        <properties>
            <property name="DefaultDevice">
                <value type="string">Web</value>
            </property>
            <property name="Web">
                <value type="string">templates/deck-web</value>
            </property>
            <property name="BundleName" manageable="true">
                <value type="string">$(itemRoot)</value>
            </property>
            <property name="title">
                <value type="string">Deck Container</value>
            </property>
            <property label="Version" name="version" viewHint="text-input,admin,designModeOnly">
                <value type="string">1.0.2</value>
            </property>
            <property name="Tablet">
                <value type="String"></value>
            </property>
            <property name="Smartphone">
                <value type="String"></value>
            </property>
        </properties>
    </template>
</catalog>
