<?xml version="1.0" encoding="UTF-8" standalone="yes"?>
<catalog totalSize="1">
    <feature>
        <name>module-custom-bpi</name>
        <tags/>
        <lockState>UNLOCKED</lockState>
        <properties>
            <property label="Title" name="title" viewHint="admin,designModeOnly">
                <value type="string">Module Custom Bpi</value>
            </property>
            <property label="Version" name="version" viewHint="designModeOnly">
                <value type="string">0.1.0-alpha.0</value>
            </property>
        </properties>
    </feature>
</catalog>
