<?xml version="1.0" encoding="UTF-8" standalone="yes"?>
<catalog totalSize="1">
    <widget>
        <name>widget-pre-login-footer</name>
        <tags/>
        <lockState>UNLOCKED</lockState>
        <properties>
            <property name="src" manageable="true">
                <value type="string">$(itemRoot)/index.html</value>
            </property>
            <property name="verisign" manageable="true">
                <value type="string">$(itemRoot)/media/verisign.png</value>
            </property>
            <property name="errMsg">
                <value type="string">You have successfully logged out. Thank you for using BPI Online Banking</value>
            </property>
            <property name="logo" manageable="true">
                <value type="string">$(itemRoot)/media/logo.png</value>
            </property>
            <property label="Title" name="title" viewHint="text-input,user,designModeOnly">
                <value type="string">BPI Login Footer</value>
            </property>
            <property name="bancnet" manageable="true">
                <value type="string">$(itemRoot)/media/bancnet.png</value>
            </property>
            <property name="thumbnailUrl" manageable="true">
                <value type="string">$(itemRoot)/icon.png</value>
            </property>
            <property name="TemplateName">
                <value type="string">Standard_Widget</value>
            </property>
            <property name="widgetChrome">
                <value type="string">$(contextRoot)/static/backbase.com.2012.aurora/html/chromes/widget_none.html</value>
            </property>
        </properties>
    </widget>
</catalog>
