<?xml version="1.0" encoding="UTF-8" standalone="yes"?>
<catalog totalSize="1">
    <widget>
        <name>widget-remove-account</name>
        <tags/>
        <lockState>UNLOCKED</lockState>
        <properties>
            <property name="noRecordsFound">
                <value type="string">No Records Found</value>
            </property>
            <property name="Description">
                <value type="String"></value>
            </property>
            <property name="src" manageable="true">
                <value type="string">$(itemRoot)/index.html</value>
            </property>
            <property name="TemplateName">
                <value type="string">Standard_Widget</value>
            </property>
            <property name="widgetChrome">
                <value type="string">$(contextRoot)/static/backbase.com.2012.aurora/html/chromes/widget_none.html</value>
            </property>
            <property label="Title" name="title" viewHint="text-input,user,designModeOnly">
                <value type="string">Remove Account</value>
            </property>
            <property name="serverError">
                <value type="string">Server is not responding</value>
            </property>
            <property name="thumbnailUrl" manageable="true">
                <value type="string">$(itemRoot)/icon.png</value>
            </property>
			<property name="goToHome">
				<value type="string">$(servicesPath)/bpi-portal/loginsuccess</value>
			</property>
			<property name="removeAccount">
				<value type="string">$(servicesPath)/services/rest/v1/removeaccount</value>
			</property>
			<property name="emailNotification">
				<value type="string">$(servicesPath)/services/rest/v1/financialemailnotif</value>
			</property>
        </properties>
    </widget>
</catalog>
