<?xml version="1.0" encoding="UTF-8" standalone="yes"?>
<catalog>
    <widget>
        <name>Widget-Home-Footer</name>
        <contextItemName>[BBHOST]</contextItemName>
        <extendedItemName>widget-launchpad-base</extendedItemName>
        <properties>
            <property label="Title" name="title" viewHint="text-input,user,designModeOnly">
                <value type="string">Home Footer</value>
            </property>
            <property name="src">
                <value type="string">$(itemRoot)/index.html</value>
            </property>
            
			<property name="logo">
                <value type="string">$(itemRoot)/media/logo.png</value>
            </property>
			<property name="bancnet">
                <value type="string">$(itemRoot)/media/bancnet.png</value>
            </property>
			<property name="verisign" >
				<value type="string">$(itemRoot)/media/verisign.png</value>
			</property>
			<property name="facebook" >
				<value type="string">$(itemRoot)/media/facebook.jpg</value>
			</property>
			<property name="twitter" >
				<value type="string">$(itemRoot)/media/twitter.jpg</value>
			</property>
			<property name="youtube" >
				<value type="string">$(itemRoot)/media/youtube.jpg</value>
			</property>
			
        </properties>

    </widget>
</catalog>
