<?xml version="1.0" encoding="UTF-8" standalone="yes"?>
<catalog totalSize="1">
    <widget>
        <name>widget-prepaid-inquiry-details</name>
        <tags/>
        <lockState>UNLOCKED</lockState>
        <properties>
            <property name="area">
                <value type="string"></value>
            </property>
            <property name="Description">
                <value type="String"></value>
            </property>
            <property name="src" manageable="true">
                <value type="string">$(itemRoot)/index.html</value>
            </property>
            <property label="Icon" name="icon" viewHint="admin,designModeOnly">
                <value type="string">Bpi login</value>
            </property>
            <property name="redirectTo">
                <value type="string">bpi-portal/loginsuccess</value>
            </property>
            <property label="Locale" name="locale">
                <value type="string">en</value>
            </property>
            <property label="Title" name="title" viewHint="admin,designModeOnly">
                <value type="string">Bpi Prepaid Inquiry Details</value>
            </property>
            <property label="Version" name="version" viewHint="text-input,admin,designModeOnly">
                <value type="string">2.2.7</value>
            </property>
            <property name="TemplateName">
                <value type="string">Standard_Widget</value>
            </property>
            <property label="Widget Chrome" name="widgetChrome" viewHint="select-one,admin,designModeOnly">
                <value type="string">$(contextRoot)/static/features/[BBHOST]/chromes/blank/chrome-blank.html</value>
            </property>
            <property name="order">
                <value type="double">0.0</value>
            </property>
            <property name="thumbnailUrl" manageable="true">
                <value type="string">$(itemRoot)/icon.png</value>
            </property>
			<property name="homePage">
				<value type="string">$(servicesPath)/bpi-portal/index</value>
			</property>
			<property name="prepaidInquiry">
				<value type="string">$(servicesPath)/bpi-portal/prepaidinquiry</value>
			</property>
        </properties>
    </widget>
</catalog>
