<?xml version="1.0" encoding="UTF-8" standalone="yes"?>
<catalog totalSize="1">
    <widget>
        <name>widget-bpi-post-header</name>
        <tags/>
        <lockState>UNLOCKED</lockState>
        <properties>
            <property name="logout" manageable="true">
                <value type="string">$(itemRoot)/media/logout.png</value>
            </property>
            <property name="password" manageable="true">
                <value type="string">$(itemRoot)/media/password.png</value>
            </property>
            <property name="userImage" manageable="true">
                <value type="string">$(itemRoot)/media/user-image.png</value>
            </property>
            <property name="src" manageable="true">
                <value type="string">$(itemRoot)/index.html</value>
            </property>
            <property name="errMsg">
                <value type="string">You have successfully logged out. Thank you for using BPI Online Banking</value>
            </property>
            <property name="logo" manageable="true">
                <value type="string">$(itemRoot)/media/logo.png</value>
            </property>
            <property label="Title" name="title" viewHint="text-input,user,designModeOnly">
                <value type="string">BPI Post Login Header</value>
            </property>
            <property name="thumbnailUrl" manageable="true">
                <value type="string">$(itemRoot)/icon.png</value>
            </property>
            <property name="TemplateName">
                <value type="string">Standard_Widget</value>
            </property>
            <property name="widgetChrome">
                <value type="string">$(contextRoot)/static/backbase.com.2012.aurora/html/chromes/widget_none.html</value>
            </property>
			<property name="addaccount">
				<value type="string">$(servicesPath)/bpi-portal/addaccount</value>
			</property>
			<property name="goToHome">
				<value type="string">$(servicesPath)/bpi-portal/loginsuccess</value>
			</property>
			<property name="login">
				<value type="string">$(servicesPath)/bpi-portal/login</value>
			</property>
			<property name="logoutUrl">
				<value type="string">$(servicesPath)/bpi-portal/login?login_error=sessionTimeOut</value>
			</property>
			<property name="survey">
				<value type="string">https://www.bpiexpressonline.com/survey/web</value>
			</property>
        </properties>
    </widget>
</catalog>
