<?xml version="1.0" encoding="UTF-8" standalone="yes"?>
<catalog>
  <widget>
    <name>widget-login</name>
    <contextItemName>[BBHOST]</contextItemName>
    <properties>
      <property name="Description">
        <value type="String"/>
      </property>
      <property name="TemplateName">
        <value type="string">Standard_Widget</value>
      </property>
      <property name="area">
        <value type="string"/>
      </property>
      <property label="Icon" name="icon" viewHint="admin,designModeOnly">
        <value type="string">login</value>
      </property>
      <property label="Locale" name="locale">
        <value type="string">en</value>
      </property>
      <property name="order">
        <value type="double">0</value>
      </property>
	   <property name="emptyErr">
        <value type="string">Please enter your user id and/or password.</value>
      </property>
	   <property name="errMsg">
        <value type="string">Please verify your User ID and/or password</value>
      </property>
	   <property name="serverErrMsg">
        <value type="string">System is currently unavailable to process your request. We apologize for this inconvenience. You may try again at a later time</value>
      </property>
	   <property name="alreadyLoggedIn">
        <value type="string">Already loggedin</value>
      </property>
	   <property name="sessionTimeOutMsg">
        <value type="string">User session is expired</value>
      </property>
      <property name="src">
        <value type="string">$(itemRoot)/index.html</value>
      </property>
	  <property name="LoginUrl" >
        <value type="string">$(itemRoot)/media/login.jpg</value>
      </property>
	  <property name="redirectTo">
        <value type="string">loginsuccess</value>
	  </property>	     
      <property label="Title" name="title" viewHint="admin,designModeOnly">
        <value type="string">Login</value>
      </property>
      <property label="Widget Chrome" name="widgetChrome" viewHint="select-one,admin,designModeOnly">
        <value type="string">$(contextRoot)/static/features/[BBHOST]/chromes/blank/chrome-blank.html</value>
      </property>
      <property label="Version" name="version" viewHint="text-input,admin,designModeOnly">
        <value type="string">2.2.7</value>
      </property>
    </properties>   
  </widget>
</catalog>