<?xml version="1.0" encoding="UTF-8" standalone="yes"?>
<catalog totalSize="1">
    <widget>
        <name>widget-otp-link-your-device</name>
        <tags/>
        <lockState>UNLOCKED</lockState>
        <properties>
            <property name="noRecordsFound">
                <value type="string">No Records Found</value>
            </property>
            <property name="serverErrMsg">
                <value type="string">System is currently unavailable to process your request. We apologize for this inconvenience. You may try again at a later time</value>
            </property>
            <property name="visualGuide" manageable="true">
                <value type="string">$(itemRoot)/media/visualGuide.png</value>
            </property>
            <property name="src" manageable="true">
                <value type="string">$(itemRoot)/index.html</value>
            </property>
            <property label="Title" name="title" viewHint="text-input,user,designModeOnly">
                <value type="string">Link Your Device for OTP</value>
            </property>
            <property name="lockIcon" manageable="true">
                <value type="string">$(itemRoot)/media/lockIcon.png</value>
            </property>
            <property name="serverError">
                <value type="string">Server is not responding</value>
            </property>
            <property name="PayBills">
                <value type="string">OTP Generation</value>
            </property>
            <property name="backgrnd1" manageable="true">
                <value type="string">$(itemRoot)/media/backgrnd1.png</value>
            </property>
            <property name="backgrnd2" manageable="true">
                <value type="string">$(itemRoot)/media/backgrnd2.png</value>
            </property>
            <property name="thumbnailUrl" manageable="true">
                <value type="string">$(itemRoot)/icon.png</value>
            </property>
            <property name="backgrnd3" manageable="true">
                <value type="string">$(itemRoot)/media/backgrnd3.png</value>
            </property>
			<property name="OtpStatusModal" >
				<value type="string">$(itemRoot)/templates/OtpStatusModal.html</value>
			</property>
			<property name="ResponseErrorModal" >
				<value type="string">$(itemRoot)/templates/ResponseErrorModal.html</value>
			</property>
			<property name="ConfirmModal" >
				<value type="string">$(itemRoot)/templates/ConfirmModal.html</value>
			</property>
			<property name="ServerErrorModal" >
				<value type="string">$(itemRoot)/templates/ServerErrorModal.html</value>
			</property>
            <property name="TemplateName">
                <value type="string">Standard_Widget</value>
            </property>
			<property name="resendactivationcode">
				<value type="string">$(servicesPath)/services/rest/v1/resendactivationcode</value>
			</property>
			<property name="otpregistrationviaapp">
                <value type="string">$(servicesPath)/bpi-portal/otpregistrationviaapp</value>
            </property>
            <property name="otpchangemobilenumber">
                <value type="string">$(servicesPath)/bpi-portal/otpchangemobilenumber</value>
            </property>
            <property name="widgetChrome">
                <value type="string">$(contextRoot)/static/backbase.com.2012.aurora/html/chromes/widget_none.html</value>
            </property>
        </properties>
    </widget>
</catalog>
