<?xml version="1.0" encoding="UTF-8" standalone="yes"?>
<catalog totalSize="1">
    <widget>
        <name>widget-add-account</name>
        <tags/>
        <lockState>UNLOCKED</lockState>
        <properties>
            <property name="Loans" manageable="true">
                <value type="string">$(itemRoot)/media/Loans.png</value>
            </property>
            <property name="Description">
                <value type="String"></value>
            </property>
            <property name="src" manageable="true">
                <value type="string">$(itemRoot)/index.html</value>
            </property>
            <property name="tick" manageable="true">
                <value type="string">$(itemRoot)/media/tick.png</value>
            </property>
            <property label="Title" name="title" viewHint="text-input,user,designModeOnly">
                <value type="string">Add Account</value>
            </property>
            <property name="CreditCard" manageable="true">
                <value type="string">$(itemRoot)/media/Add Account - Credit Card.png</value>
            </property>
            <property name="DebitWithCardAndPassbook" manageable="true">
                <value type="string">$(itemRoot)/media/Add Account- Debit with Card and Passbook.png</value>
            </property>
            <property name="noRecordsFound">
                <value type="string">No Records Found</value>
            </property>
            <property name="DebitWithCard" manageable="true">
                <value type="string">$(itemRoot)/media/Add Account - Debit with Card.png</value>
            </property>
            <property name="Prepaid" manageable="true">
                <value type="string">$(itemRoot)/media/Add Account Prepaid.png</value>
            </property>
            <property name="Investments" manageable="true">
                <value type="string">$(itemRoot)/media/Investments.png</value>
            </property>
            <property name="TemplateName">
                <value type="string">Standard_Widget</value>
            </property>
            <property name="widgetChrome">
                <value type="string">$(contextRoot)/static/backbase.com.2012.aurora/html/chromes/widget_none.html</value>
            </property>
            <property name="serverError">
                <value type="string">Server is not responding</value>
            </property>
            <property name="thumbnailUrl" manageable="true">
                <value type="string">$(itemRoot)/icon.png</value>
            </property>
			<property name="goToHome">
				<value type="string">$(servicesPath)/bpi-portal/loginsuccess</value>
			</property>
			<property name="enrolldepositaccount">
				<value type="string">$(servicesPath)/services/rest/v1/enrolldepositaccount</value>
			</property>
			<property name="enrollinvestmentaccount">
				<value type="string">$(servicesPath)/services/rest/v1/enrollinvestmentaccount</value>
			</property>
			<property name="enrollccac">
				<value type="string">$(servicesPath)/services/rest/v1/enrollccac</value>
			</property>
			<property name="enrollprepaidcard">
				<value type="string">$(servicesPath)/services/rest/v1/enrollprepaidcard</value>
			</property>
			<property name="rmTrailerService">
				<value type="string">$(servicesPath)/services/rest/v1/rmTrailerService</value>
			</property>
			<property name="emailNotification">
				<value type="string">$(servicesPath)/services/rest/v1/financialemailnotif</value>
			</property>
        </properties>
    </widget>
</catalog>
