<?xml version="1.0" encoding="UTF-8" standalone="yes"?>
<catalog totalSize="1">
    <widget>
        <name>widget-sidelink</name>
        <tags/>
        <lockState>UNLOCKED</lockState>
        <properties>
            <property name="src" manageable="true">
                <value type="string">$(itemRoot)/index.html</value>
            </property>
            <property name="investment" manageable="true">
                <value type="string">$(itemRoot)/media/investment-a.png</value>
            </property>
            <property label="Title" name="title" viewHint="text-input,user,designModeOnly">
                <value type="string">sidelink</value>
            </property>
            <property name="myAcc" manageable="true">
                <value type="string">$(itemRoot)/media/myAccount-a.png</value>
            </property>
            <property name="security" manageable="true">
                <value type="string">$(itemRoot)/media/security-a.png</value>
            </property>
            <property name="transfer" manageable="true">
                <value type="string">$(itemRoot)/media/transfer-a.png</value>
            </property>
            <property name="bpiApp" manageable="true">
                <value type="string">$(itemRoot)/media/bpi-a.png</value>
            </property>
            <property name="paybill" manageable="true">
                <value type="string">$(itemRoot)/media/paybill-a.png</value>
            </property>
            <property name="investment" manageable="true">
                <value type="string">$(itemRoot)/media/investment-a.png</value>
            </property>
            <property name="appointment" manageable="true">
                <value type="string">$(itemRoot)/media/appoinment.png</value>
            </property>
            <property name="sideLinkReorder" manageable="true">
                <value type="string">$(itemRoot)/media/Icon-Reorder.png</value>
            </property>
            <property label="Title" name="title" viewHint="text-input,user,designModeOnly">
                <value type="string">sidelink</value>
            </property>
            <property name="myAcc" manageable="true">
                <value type="string">$(itemRoot)/media/myAccount-a.png</value>
            </property>
            <property name="thumbnailUrl" manageable="true">
                <value type="string">$(itemRoot)/icon.png</value>
            </property>
            <property name="customer" manageable="true">
                <value type="string">$(itemRoot)/media/customer-a.png</value>
            </property>
            <property name="TemplateName">
                <value type="string">Standard_Widget</value>
            </property>
            <property name="widgetChrome">
                <value type="string">$(contextRoot)/static/backbase.com.2012.aurora/html/chromes/widget_none.html</value>
            </property>
            <property name="otplinkyourdevice">
                <value type="string">$(servicesPath)/bpi-portal/otplinkyourdevice</value>
            </property>
            <property name="otpchangemobilenumber">
                <value type="string">$(servicesPath)/bpi-portal/otpchangemobilenumber</value>
            </property>
            <property name="fundstransfer">
                <value type="string">$(servicesPath)/bpi-portal/fundstransfer</value>
            </property>
            <property name="otpothersevices">
                <value type="string">$(servicesPath)/bpi-portal/otpothersevices</value>
            </property>
            <property name="otpregistrationviaapp">
                <value type="string">$(servicesPath)/bpi-portal/otpregistrationviaapp</value>
            </property>
            <property name="paybills">
                <value type="string">$(servicesPath)/bpi-portal/paybills</value>
            </property>
            <property name="loginsuccess">
                <value type="string">$(servicesPath)/bpi-portal/loginsuccess</value>
            </property>
            <property name="otpregistration">
                <value type="string">$(servicesPath)/bpi-portal/otpregistration</value>
            </property>
			<property name="removeaccount">
                <value type="string">$(servicesPath)/bpi-portal/removeaccount</value>
            </property>
        </properties>
    </widget>
</catalog>
