<?xml version="1.0" encoding="UTF-8" standalone="yes"?>
<catalog totalSize="1">
    <widget>
        <name>widget-otp-other-services</name>
        <tags/>
        <lockState>UNLOCKED</lockState>
        <properties>
            <property name="src" manageable="true">
                <value type="string">$(itemRoot)/index.html</value>
            </property>
            <property label="Title" name="title" viewHint="text-input,user,designModeOnly">
                <value type="string">OTP Other Services </value>
            </property>
            <property name="thumbnailUrl" manageable="true">
                <value type="string">$(itemRoot)/icon.png</value>
            </property>
			<property name="OkModal" >
				<value type="string">$(itemRoot)/templates/OkModal.html</value>
			</property>
			<property name="ServerErrorModal" >
				<value type="string">$(itemRoot)/templates/ServerErrorModal.html</value>
			</property>
			<property name="ResponseErrorModal" >
				<value type="string">$(itemRoot)/templates/ResponseErrorModal.html</value>
			</property>
			<property name="ConfirmModal" >
				<value type="string">$(itemRoot)/templates/ConfirmModal.html</value>
			</property>
            <property name="TemplateName">
                <value type="string">Standard_Widget</value>
            </property>
			<property name="changemobordevice">
				<value type="string">$(servicesPath)/services/rest/v1/changemobordevice</value>
			</property>
			<property name="otpchangemobilenumber">
                <value type="string">$(servicesPath)/bpi-portal/otpchangemobilenumber</value>
            </property>
			<property name="otplinkyourdevice">
                <value type="string">$(servicesPath)/bpi-portal/otplinkyourdevice</value>
            </property>
			<property name="otpregistrationviaapp">
				<value type="string">$(servicesPath)/bpi-portal/otpregistrationviaapp</value>
			</property>
            <property name="widgetChrome">
                <value type="string">$(contextRoot)/static/backbase.com.2012.aurora/html/chromes/widget_none.html</value>
            </property>
        </properties>
    </widget>
</catalog>
