<?xml version="1.0" encoding="UTF-8" standalone="yes"?>
<catalog totalSize="1">
    <template>
        <type>CONTAINER</type>
        <name>CustomRegistrationPageTemplate</name>
        <tags>
            <tag blacklist="false" manageable="true" type="regular">container template</tag>
            <tag blacklist="false" manageable="true" type="regular">documentation</tag>
        </tags>
        <lockState>UNLOCKED</lockState>
        <properties>
            <property name="DefaultDevice">
                <value type="string">Web</value>
            </property>
            <property name="Web">
                <value type="string">templates/CustomRegistration-Web</value>
            </property>
            <property name="BundleName" manageable="true">
                <value type="string">$(itemRoot)</value>
            </property>
            <property name="title">
                <value type="string">Custom Page Template</value>
            </property>
            <property name="thumbnailUrl" manageable="true">
                <value type="string">$(itemRoot)/icon.png</value>
            </property>
        </properties>
    </template>
</catalog>
