<?xml version="1.0" encoding="UTF-8" standalone="yes"?>
<catalog totalSize="1">
    <container>
        <name>deck-container</name>
        <tags>
            <tag blacklist="false" manageable="true" type="regular">container</tag>
            <tag blacklist="false" manageable="true" type="section">layouts</tag>
        </tags>
        <lockState>UNLOCKED</lockState>
        <properties>
            <property label="Default Panel" name="defaultPanel" viewHint="text-input,designModeOnly,manager">
                <value type="string"></value>
            </property>
            <property name="viewNamespace">
                <value type="string">launchpad</value>
            </property>
            <property name="Description">
                <value type="string">Generic container for holding several panels which can be shown one at a time.</value>
            </property>
            <property name="csr">
                <value type="boolean">false</value>
            </property>
            <property name="TemplateName">
                <value type="string">DeckContainer</value>
            </property>
            <property label="State" name="state" viewHint="text-input,designModeOnly,manager">
                <value type="string">[$1]</value>
            </property>
            <property label="Title" name="title" viewHint="text-input,designModeOnly,user">
                <value type="string">Deck Container</value>
            </property>
            <property name="config" manageable="true">
                <value type="string">$(itemRoot)/config.xml</value>
            </property>
            <property label="Version" name="version" viewHint="text-input,admin,designModeOnly">
                <value type="string">1.1.3</value>
            </property>
            <property name="thumbnailUrl" manageable="true">
                <value type="string">$(itemRoot)/icon.png</value>
            </property>
        </properties>
        <children/>
    </container>
</catalog>
