<?xml version="1.0" encoding="UTF-8" standalone="yes"?>
<catalog totalSize="1">
    <container>
        <name>registrationLayoutContainer</name>
        <tags>
            <tag blacklist="false" manageable="true" type="regular">container</tag>
            <tag blacklist="false" manageable="true" type="section">layouts</tag>
        </tags>
        <lockState>UNLOCKED</lockState>
        <properties>
            <property name="area">
                <value type="string"></value>
            </property>
            <property name="viewNamespace">
                <value type="string">launchpad</value>
            </property>
            <property name="csr">
                <value type="boolean">false</value>
            </property>
            <property name="Description">
                <value type="String"></value>
            </property>
            <property name="TemplateName">
                <value type="string">CustomRegistrationPageTemplate</value>
            </property>
            <property name="title">
                <value type="string">Registration Layout Container</value>
            </property>
            <property name="config" manageable="true">
                <value type="string">$(itemRoot)/config.xml</value>
            </property>
            <property label="Version" name="version" viewHint="text-input,admin,designModeOnly">
                <value type="string">1.0.3</value>
            </property>
            <property name="order">
                <value type="double">0.0</value>
            </property>
            <property name="thumbnailUrl" manageable="true">
                <value type="string">$(itemRoot)/icon.png</value>
            </property>
        </properties>
        <children/>
    </container>
</catalog>
