<?xml version="1.0" encoding="UTF-8" standalone="yes"?>
<catalog>
    <widget>
        <name>widget-homepage</name>
        <contextItemName>[BBHOST]</contextItemName>
        <extendedItemName>widget-launchpad-base</extendedItemName>
        <properties>
            <property label="Title" name="title" viewHint="text-input,user,designModeOnly">
                <value type="string">Home Login</value>
            </property>
            <property name="ImgUrl" >
				<value type="string">$(itemRoot)/media/login.png</value>
			</property> 
			<property name="carosal1" >
				<value type="string">$(itemRoot)/media/carosal1.jpg</value>
			</property>
			<property name="carosal2" >
				<value type="string">$(itemRoot)/media/carosal2.png</value>
			</property>
			<property name="carosal3" >
				<value type="string">$(itemRoot)/media/carosal3.jpg</value>
			</property>
			<property name="icon1" >
				<value type="string">$(itemRoot)/media/1.png</value>
			</property>	
				<property name="icon2" >
				<value type="string">$(itemRoot)/media/2.png</value>
			</property>
				<property name="icon3" >
				<value type="string">$(itemRoot)/media/3.png</value>
			</property>
			<property name="icon4" >
				<value type="string">$(itemRoot)/media/4.png</value>
			</property>
			<property name="facebook" >
				<value type="string">$(itemRoot)/media/facebook.jpg</value>
			</property>
			<property name="twitter" >
				<value type="string">$(itemRoot)/media/twitter.jpg</value>
			</property>
			<property name="youtube" >
				<value type="string">$(itemRoot)/media/youtube.jpg</value>
			</property>
			<property name="featuredArticle" >
				<value type="string">$(itemRoot)/media/featuredArticle.png</value>
			</property>
			<property name="news" >
				<value type="string">$(itemRoot)/media/news.jpg</value>
			</property>
			<property name="quickLinks" >
				<value type="string">$(itemRoot)/media/quickLinks.jpg</value>
			</property>
			<property name="arrow">
				<value type="string">$(itemRoot)/media/arrow_bg.png</value>
			</property>
			<property name="bpiAppDownload" >
				<value type="string">$(itemRoot)/media/bpi-app-download.jpg</value>
			</property>
			<property name="prepaidCard" >
				<value type="string">$(itemRoot)/media/prepaid-card.jpg</value>
			</property>
			<property name="seperator" >
				<value type="string">$(itemRoot)/media/login-separator.jpg</value>
			</property>
			<property name="bankAdvisory" >
				<value type="string">$(itemRoot)/media/bank-advisory.jpg</value>
			</property>
			<property name="faq" >
				<value type="string">$(itemRoot)/media/faqs.jpg</value>
			</property>
			<property name="homeLogin" >
				<value type="string">$(itemRoot)/media/online-login.png</value>
			</property>
			<property name="homeBetaLogin" >
				<value type="string">$(itemRoot)/media/online-beta-login.png</value>
			</property>
        </properties>       
    </widget>
</catalog>
