<?xml version="1.0" encoding="UTF-8" standalone="yes"?>
<catalog>
    <widget>
        <name>widget-bpi-dashboard</name>
        <contextItemName>[BBHOST]</contextItemName>
        <extendedItemName>widget-launchpad-base</extendedItemName>
        <properties>
            <property label="Title" name="title" viewHint="text-input,user,designModeOnly">
                <value type="string">BPI Account Dashboard</value>
            </property>
            <property name="src">
                <value type="string">$(itemRoot)/index.html</value>
            </property>
            <property name="thumbnailUrl">
                <value type="string">$(itemRoot)/icon.png</value>
            </property>			
			<property name="logo">
                <value type="string">$(itemRoot)/media/logo.png</value>
            </property>		
			<property name="reOrder">
                <value type="string">$(itemRoot)/media/Icon-Reorder.png</value>
            </property>			
			<property name="edit">
                <value type="string">$(itemRoot)/media/edit.png</value>
            </property>	
			<property name="edit_hover">
                <value type="string">$(itemRoot)/media/edit_hover.png</value>
            </property>
			<property name="savingsCheckiingNavigation">
				<value type="string">$(servicesPath)/bpi-portal/savingsandcheckingaccounttransactiondetails</value>
			</property>
			<property name="cardOverview">
				<value type="string">$(servicesPath)/bpi-portal/creditcardoverview</value>
			</property>
			<property name="prepaidHistory">
				<value type="string">$(servicesPath)/bpi-portal/prepaidcardtransactionhistory</value>
			</property>
			<property name="loansDetails">
				<value type="string">$(servicesPath)/bpi-portal/loandetails</value>
			</property>
			<property name="timedepositdetails">
				<value type="string">$(servicesPath)/bpi-portal/timedepositdetails</value>
			</property>
			<property name="investmentHistory">
				<value type="string">$(servicesPath)/bpi-portal/investmentstransactionhistory</value>
			</property>
			<property name="investmentPortfolio">
				<value type="string">$(servicesPath)/bpi-portal/investmentsportfolio</value>
			</property>
			<property name="paybills">
				<value type="string">$(servicesPath)/bpi-portal/paybills</value>
			</property>
			<property name="fundstransfer">
				<value type="string">$(servicesPath)/bpi-portal/fundstransfer</value>
			</property>
			<property name="otpregistration">
				<value type="string">$(servicesPath)/bpi-portal/otpregistration</value>
			</property>
			<property name="rmTrailer">
				<value type="string">$(servicesPath)/services/rest/v1/rmTrailerService</value>
			</property>
			<property name="transactionlog">
                <value type="string">$(servicesPath)/services/rest/v1/transactionlog</value>
            </property>
			<property name="rmmobilenumberservice">
				<value type="string">$(servicesPath)/services/rest/v1/rmmobilenumberservice</value>
			</property>
			<property name="savingAndCheckingBalance">
				<value type="string">$(servicesPath)/services/rest/v1/savingAndCheckingBalance</value>
			</property>
			<property name="ccBalance">
				<value type="string">$(servicesPath)/services/rest/v1/ccBalance</value>
			</property>
			<property name="savingAndCheckingHistory">
				<value type="string">$(servicesPath)/services/rest/v1/SavingsAndCheckingTransactionHistory</value>
			</property>
			<property name="consumerLoans">
				<value type="string">$(servicesPath)/services/rest/v1/consumerloans</value>
			</property>
			<property name="investmentBalance">
				<value type="string">$(servicesPath)/services/rest/v1/investmentbalancedetails</value>
			</property>
			<property name="timedeposit">
				<value type="string">$(servicesPath)/services/rest/v1/timedeposit</value>
			</property>
        </properties>        
    </widget>
</catalog>
