<?xml version="1.0" encoding="UTF-8" standalone="yes"?>
<catalog totalSize="1">
    <widget>
        <name>widget-TransferMoney</name>
        <tags/>
        <lockState>UNLOCKED</lockState>
        <properties>
            <property name="TransferMoney">
                <value type="string">Transfer Money</value>
            </property>
            <property name="AmtgrtZero">
                <value type="string">Amount should be greater than zero</value>
            </property>
            <property name="serverErrMsg">
                <value type="string">System is currently unavailable to process your request. We apologize for this inconvenience. You may try again at a later time</value>
            </property>
            <property name="AmtRequired">
                <value type="string">Amount is required</value>
            </property>
            <property name="src" manageable="true">
                <value type="string">$(itemRoot)/index.html</value>
            </property>
            <property name="removeIcon" manageable="true">
                <value type="string">$(itemRoot)/media/removeicon.png</value>
            </property>
            <property name="toolTip" manageable="true">
                <value type="string">$(itemRoot)/media/toolTip.png</value>
            </property>
            <property name="AmtLessZero">
                <value type="string">Insufficient Amount in your Account</value>
            </property>
            <property label="Title" name="title" viewHint="text-input,user,designModeOnly">
                <value type="string">Transfer Money</value>
            </property>
            <property name="error">
                <value type="string">Amount is required</value>
            </property>
            <property name="noRecordsFound">
                <value type="string">No Records Found</value>
            </property>
            <property name="Imgtransfer" manageable="true">
                <value type="string">$(itemRoot)/media/transfermoney.png</value>
            </property>
            <property name="ImgVisualGuide" manageable="true">
                <value type="string">$(itemRoot)/media/VisualGuide.jpg</value>
            </property>
            <property name="serverError">
                <value type="string">Server is not responding</value>
            </property>
            <property name="AmtSpecialChar">
                <value type="string">Insufficient Amount in your Account</value>
            </property>
            <property name="thumbnailUrl" manageable="true">
                <value type="string">$(itemRoot)/icon.png</value>
            </property>
            <property name="TemplateName">
                <value type="string">Standard_Widget</value>
            </property>
            <property name="widgetChrome">
                <value type="string">$(contextRoot)/static/backbase.com.2012.aurora/html/chromes/widget_none.html</value>
            </property>
            <property name="addIcon" manageable="true">
                <value type="string">$(itemRoot)/media/addIcon.png</value>
            </property>
            <property name="authsmsotp">
                <value type="string">$(servicesPath)/services/rest/v1/authsmsotp</value>
            </property>
            <property name="fundstransfer">
                <value type="string">$(servicesPath)/services/rest/v1/fundstransfer</value>
            </property>
            <property name="loginsuccess">
                <value type="string">$(servicesPath)/bpi-portal/loginsuccess</value>
            </property>
            <property name="transactionlog">
                <value type="string">$(servicesPath)/services/rest/v1/transactionlog</value>
            </property>
            <property name="otpregistration">
                <value type="string">$(servicesPath)/bpi-portal/otpregistration</value>
            </property>
            <property name="requestsmsotp">
                <value type="string">$(servicesPath)/services/rest/v1/requestsmsotp</value>
            </property>
            <property name="authmobileotp">
                <value type="string">$(servicesPath)/services/rest/v1/authmobileotp</value>
            </property>
            <property name="financialemailnotif">
                <value type="string">$(servicesPath)/services/rest/v1/financialemailnotif</value>
            </property>
            <property name="ftaddressbook">
                <value type="string">$(servicesPath)/services/rest/v1/ftaddressbook</value>
            </property>
            <property name="otpregistrationviaapp">
                <value type="string">$(servicesPath)/bpi-portal/otpregistrationviaapp</value>
            </property>
            <property name="forceregistration">
                <value type="string">$(servicesPath)/services/rest/v1/forceregistration</value>
            </property>
            <property name="savingAndCheckingBalance">
                <value type="string">$(servicesPath)/services/rest/v1/savingAndCheckingBalance</value>
            </property>
            <property name="TransactionSuccess" manageable="true">
                <value type="string">$(itemRoot)/templates/TransactionSuccess.html</value>
            </property>
            <property name="OTPModalLinkedDevice" manageable="true">
                <value type="string">$(itemRoot)/templates/OTPModalLinkedDevice.html</value>
            </property>
            <property name="ErroCodeIM" manageable="true">
                <value type="string">$(itemRoot)/templates/ErroCodeIM.html</value>
            </property>
            <property name="ResponseError" manageable="true">
                <value type="string">$(itemRoot)/templates/ResponseError.html</value>
            </property>
            <property name="ServiceFailed" manageable="true">
                <value type="string">$(itemRoot)/templates/ServiceFailed.html</value>
            </property>
            <property name="AccountClosed" manageable="true">
                <value type="string">$(itemRoot)/templates/AccountClosed.html</value>
            </property>
            <property name="TransactionFailSpin" manageable="true">
                <value type="string">$(itemRoot)/templates/TransactionFailSpin.html</value>
            </property>
            <property name="validation" manageable="true">
                <value type="string">$(itemRoot)/templates/validation.html</value>
            </property>
            <property name="OTPModal" manageable="true">
                <value type="string">$(itemRoot)/templates/OTPModal.html</value>
            </property>
            <property name="OTPNotRegistered" manageable="true">
                <value type="string">$(itemRoot)/templates/OTPNotRegistered.html</value>
            </property>
            <property name="OTPSuspendModal" manageable="true">
                <value type="string">$(itemRoot)/templates/OTPSuspendModal.html</value>
            </property>
            <property name="TransactionFail" manageable="true">
                <value type="string">$(itemRoot)/templates/TransactionFail.html</value>
            </property>
            <property name="DoneModal" manageable="true">
                <value type="string">$(itemRoot)/templates/DoneModal.html</value>
            </property>
            <property name="ReviewModal" manageable="true">
                <value type="string">$(itemRoot)/templates/ReviewModal.html</value>
            </property>
            <property name="TransactionFailSpinDorm" manageable="true">
                <value type="string">$(itemRoot)/templates/TransactionFailSpinDorm.html</value>
            </property>
            <property name="ErrorCode" manageable="true">
                <value type="string">$(itemRoot)/templates/ErrorCode.html</value>
            </property>
        </properties>
    </widget>
</catalog>
