<?xml version="1.0" encoding="UTF-8" standalone="yes"?>
<catalog totalSize="1">
    <widget>
        <name>widget-paybills</name>
        <tags/>
        <lockState>UNLOCKED</lockState>
        <properties>
            <property name="noRecordsFound">
                <value type="string">No Records Found</value>
            </property>
            <property name="Imgpaybills" manageable="true">
                <value type="string">$(itemRoot)/media/paybills.png</value>
            </property>
            <property name="src" manageable="true">
                <value type="string">$(itemRoot)/index.html</value>
            </property>
            <property name="removeIcon" manageable="true">
                <value type="string">$(itemRoot)/media/removeicon.png</value>
            </property>
            <property name="ImgVisualGuide" manageable="true">
                <value type="string">$(itemRoot)/media/VisualGuide.jpg</value>
            </property>
            <property label="Title" name="title" viewHint="text-input,user,designModeOnly">
                <value type="string">Pay Bills </value>
            </property>
            <property name="serverError">
                <value type="string">Server is not responding</value>
            </property>
            <property name="PayBills">
                <value type="string">Pay Bills</value>
            </property>
            <property name="thumbnailUrl" manageable="true">
                <value type="string">$(itemRoot)/icon.png</value>
            </property>
            <property name="TemplateName">
                <value type="string">Standard_Widget</value>
            </property>
            <property name="widgetChrome">
                <value type="string">$(contextRoot)/static/backbase.com.2012.aurora/html/chromes/widget_none.html</value>
            </property>
            <property name="serverErrMsg">
                <value type="string">System is currently unavailable to process your request. We apologize for this inconvenience. You may try again at a later time</value>
            </property>
            <property name="toolTip" manageable="true">
                <value type="string">$(itemRoot)/media/toolTip.png</value>
            </property>
            <property name="addIcon" manageable="true">
                <value type="string">$(itemRoot)/media/addIcon.png</value>
            </property>
            <property name="TransactionSuccess" manageable="true">
                <value type="string">$(itemRoot)/templates/TransactionSuccess.html</value>
            </property>
            <property name="OTPModalWithOutLD" manageable="true">
                <value type="string">$(itemRoot)/templates/OTPModalWithOutLD.html</value>
            </property>
            <property name="ErroCodeIM" manageable="true">
                <value type="string">$(itemRoot)/templates/ErroCodeIM.html</value>
            </property>
            <property name="ResponseError" manageable="true">
                <value type="string">$(itemRoot)/templates/ResponseError.html</value>
            </property>
            <property name="ServiceFailed" manageable="true">
                <value type="string">$(itemRoot)/templates/ServiceFailed.html</value>
            </property>
            <property name="AccountClosed" manageable="true">
                <value type="string">$(itemRoot)/templates/AccountClosed.html</value>
            </property>
            <property name="OtpSuspendedModal" manageable="true">
                <value type="string">$(itemRoot)/templates/OtpSuspendedModal.html</value>
            </property>
            <property name="validation" manageable="true">
                <value type="string">$(itemRoot)/templates/validation.html</value>
            </property>
            <property name="OTPModal" manageable="true">
                <value type="string">$(itemRoot)/templates/OTPModal.html</value>
            </property>
            <property name="TransactionFail" manageable="true">
                <value type="string">$(itemRoot)/templates/TransactionFail.html</value>
            </property>
            <property name="ReviewModal" manageable="true">
                <value type="string">$(itemRoot)/templates/ReviewModal.html</value>
            </property>
            <property name="DorSpinTransactionFail" manageable="true">
                <value type="string">$(itemRoot)/templates/DorSpinTransactionFail.html</value>
            </property>
            <property name="ErrorCode" manageable="true">
                <value type="string">$(itemRoot)/templates/ErrorCode.html</value>
            </property>
            <property name="OTPModalForLD" manageable="true">
                <value type="string">$(itemRoot)/templates/OTPModalForLD.html</value>
            </property>
            <property name="authsmsotp">
                <value type="string">$(servicesPath)/services/rest/v1/authsmsotp</value>
            </property>
            <property name="bpmerchlist">
                <value type="string">$(servicesPath)/services/rest/v1/bpmerchlist</value>
            </property>
            <property name="billspay">
                <value type="string">$(servicesPath)/services/rest/v1/billspay</value>
            </property>
            <property name="loginsuccess">
                <value type="string">$(servicesPath)/bpi-portal/loginsuccess</value>
            </property>
            <property name="transactionlog">
                <value type="string">$(servicesPath)/services/rest/v1/transactionlog</value>
            </property>
            <property name="otpregistration">
                <value type="string">$(servicesPath)/bpi-portal/otpregistration</value>
            </property>
            <property name="requestsmsotp">
                <value type="string">$(servicesPath)/services/rest/v1/requestsmsotp</value>
            </property>
            <property name="authmobileotp">
                <value type="string">$(servicesPath)/services/rest/v1/authmobileotp</value>
            </property>
            <property name="financialemailnotif">
                <value type="string">$(servicesPath)/services/rest/v1/financialemailnotif</value>
            </property>
            <property name="otpregistrationviaapp">
                <value type="string">$(servicesPath)/bpi-portal/otpregistrationviaapp</value>
            </property>
            <property name="savingAndCheckingBalance">
                <value type="string">$(servicesPath)/services/rest/v1/savingAndCheckingBalance</value>
            </property>
            <property name="forceregistration">
                <value type="string">$(servicesPath)/services/rest/v1/forceregistration</value>
            </property>
        </properties>
    </widget>
</catalog>
