<?xml version="1.0" encoding="UTF-8" standalone="yes"?>
<catalog totalSize="1">
    <widget>
        <name>widget-otp-change-mobile-number</name>
        <tags/>
        <lockState>UNLOCKED</lockState>
        <properties>
            <property name="src" manageable="true">
                <value type="string">$(itemRoot)/index.html</value>
            </property>
            <property label="Title" name="title" viewHint="text-input,user,designModeOnly">
                <value type="string">Change Mobile Number </value>
            </property>
            <property name="thumbnailUrl" manageable="true">
                <value type="string">$(itemRoot)/icon.png</value>
            </property>
			<property name="InvalidFormatModal" >
				<value type="string">$(itemRoot)/templates/InvalidFormatModal.html</value>
			</property>
			<property name="InvalidInterMobModal" >
				<value type="string">$(itemRoot)/templates/InvalidInterMobModal.html</value>
			</property>
			<property name="InvalidMobileModal" >
				<value type="string">$(itemRoot)/templates/InvalidMobileModal.html</value>
			</property>
			<property name="RegWithOtherUserModal" >
				<value type="string">$(itemRoot)/templates/RegWithOtherUserModal.html</value>
			</property>
			<property name="ExistingMobNoModal" >
				<value type="string">$(itemRoot)/templates/ExistingMobNoModal.html</value>
			</property>
			<property name="OkModal" >
				<value type="string">$(itemRoot)/templates/OkModal.html</value>
			</property>
			<property name="ServerErrorModal" >
				<value type="string">$(itemRoot)/templates/ServerErrorModal.html</value>
			</property>
            <property name="TemplateName">
                <value type="string">Standard_Widget</value>
            </property>
			<property name="changemobordevice">
				<value type="string">$(servicesPath)/services/rest/v1/changemobordevice</value>
			</property>
			<property name="financialemailnotif">
				<value type="string">$(servicesPath)/services/rest/v1/financialemailnotif</value>
			</property>
            <property name="widgetChrome">
                <value type="string">$(contextRoot)/static/backbase.com.2012.aurora/html/chromes/widget_none.html</value>
            </property>
            <property label="Action 1" name="onAction1" viewHint="text-input,user,designModeOnly">
                <value type="string">1</value>
            </property>
            <property label="Action 2" name="onAction2" viewHint="text-input,user,designModeOnly">
                <value type="string">2</value>
            </property>
        </properties>
    </widget>
</catalog>
