<?xml version="1.0" encoding="UTF-8" standalone="yes"?>
<catalog totalSize="1">
    <widget>
        <name>widget-investment-account-portfolio-details</name>
        <tags/>
        <lockState>UNLOCKED</lockState>
        <properties>
            <property name="noRecordsFound">
                <value type="string">No Records Found</value>
            </property>
            <property name="src" manageable="true">
                <value type="string">$(itemRoot)/index.html</value>
            </property>
            <property label="Title" name="title" viewHint="text-input,user,designModeOnly">
                <value type="string">Investment Account Portfolio Details</value>
            </property>
            <property name="serverError">
                <value type="string">Server is not responding</value>
            </property>
            <property name="thumbnailUrl" manageable="true">
                <value type="string">$(itemRoot)/icon.png</value>
            </property>
            <property name="TemplateName">
                <value type="string">Standard_Widget</value>
            </property>
            <property name="widgetChrome">
                <value type="string">$(contextRoot)/static/backbase.com.2012.aurora/html/chromes/widget_none.html</value>
            </property>
            <property name="investmentMutualFund" manageable="true">
                <value type="string">$(itemRoot)/media/mf.jpg</value>
            </property>
            <property name="investmentUitf" manageable="true">
                <value type="string">$(itemRoot)/media/uitf.png</value>
            </property>
			<property name="goToPortfolio">
				<value type="string">$(servicesPath)/bpi-portal/investmentsportfolio</value>
			</property>
			<property name="alfMutualFunds">
                <value type="string">http://www.alfmmutualfunds.com</value>
            </property>
			<property name="mutualGlossary">
                <value type="string">http://www.alfmmutualfunds.com/upload/files/mutual-funds/Glossary.pdf</value>
            </property>
			<property name="bpiAssetManagement">
                <value type="string">https://www.bpiassetmanagement.com</value>
            </property>
			<property name="unitGlossary">
                <value type="string">https://www.bpiassetmanagement.com/pages/glossary</value>
            </property>
        </properties>
    </widget>
</catalog>
