<?xml version="1.0" encoding="UTF-8" standalone="yes"?>
<catalog>
    <widget>
        <name>widget-bpi-footer</name>
        <contextItemName>[BBHOST]</contextItemName>
        <extendedItemName>widget-launchpad-base</extendedItemName>
        <properties>
            <property label="Title" name="title" viewHint="text-input,user,designModeOnly">
                <value type="string">BPI Footer</value>
            </property>
            <property name="src">
                <value type="string">$(itemRoot)/index.html</value>
            </property>
            
			<property name="logo">
                <value type="string">$(itemRoot)/media/logo.png</value>
            </property>
			<property name="bancnet">
                <value type="string">$(itemRoot)/media/bancnet.png</value>
            </property>
			<property name="verisign" >
				<value type="string">$(itemRoot)/media/verisign.png</value>
			</property>
			
			
        </properties>

    </widget>
</catalog>
