<?xml version="1.0" encoding="UTF-8" standalone="yes"?>
<catalog totalSize="1">
    <widget>
        <name>BpiContentWidget</name>
        <extendedItemName>CXPContentWidget</extendedItemName>
        <tags/>
        <lockState>UNLOCKED</lockState>
        <properties>
            <property label="Templates" name="templateList" manageable="true">
                <value type="string">Registration Image Content,$(itemRoot)/templates/RegistrationTemp.html,
				Home Content Links,$(itemRoot)/templates/HomeNewsLinks.html,
				Visual Guide,$(itemRoot)/templates/VisualGuide.html,
				Page Title,$(itemRoot)/templates/PageTitle.html,
				Image With Link,$(itemRoot)/templates/ImageWithLink.html,
				Confirm-Image,$(itemRoot)/templates/ConfirmImage.html,
				OTP Other Services,$(itemRoot)/templates/OTPOtherServices.html,
				Change Mobile Number,$(itemRoot)/templates/ChangeMobileNumber.html</value>
            </property>
            <property label="Title" name="title" viewHint="text-input,user">
                <value type="string">BPI Content</value>
            </property>
            <property label="Template" name="templateUrl" viewHint="select-one,manager" manageable="true">
                <value type="string">$(itemRoot)/templates/RegistrationTemp.html</value>
            </property>
        </properties>
    </widget>
</catalog>
