<?xml version="1.0" encoding="UTF-8" standalone="yes"?>
<catalog totalSize="1">
    <container>
        <name>customColumnLayout</name>
        <tags>
            <tag blacklist="false" manageable="true" type="regular">container</tag>
            <tag blacklist="false" manageable="true" type="section">layouts</tag>
        </tags>
        <lockState>UNLOCKED</lockState>
        <properties>
            <property name="area">
                <value type="string"></value>
            </property>
            <property name="viewNamespace">
                <value type="string">launchpad</value>
            </property>
            <property name="gridSize">
                <value type="double">12.0</value>
            </property>
            <property name="csr">
                <value type="boolean">false</value>
            </property>
            <property label="Columns" name="columns" viewHint="text-input,admin,designModeOnly">
                <value type="string">4,4,4</value>
            </property>
            <property name="TemplateName">
                <value type="string">CustomColumnsContainer</value>
            </property>
            <property name="title">
                <value type="string">Custom Columns</value>
            </property>
            <property name="config" manageable="true">
                <value type="string">$(itemRoot)/config.xml</value>
            </property>
            <property label="Column CSS classes" name="columnsCSSClasses" viewHint="text-input,admin,designModeOnly">
                <value type="string">col-sm-4,col-sm-4,col-sm-4</value>
            </property>
            <property label="Version" name="version" viewHint="designModeOnly">
                <value type="string">1.1.1</value>
            </property>
            <property name="thumbnailUrl" manageable="true">
                <value type="string">$(itemRoot)/icon.png</value>
            </property>
            <property name="order">
                <value type="double">0.0</value>
            </property>
        </properties>
        <children/>
    </container>
</catalog>
