<?xml version="1.0" encoding="UTF-8" standalone="yes"?>
<catalog totalSize="1">
    <template>
        <type>PAGE</type>
        <name>LaunchpadPageTemplate</name>
        <tags>
            <tag blacklist="false" manageable="true" type="regular">web</tag>
        </tags>
        <lockState>UNLOCKED</lockState>
        <properties>
            <property name="DefaultDevice">
                <value type="string">Web</value>
            </property>
            <property name="thumbnailUrl" manageable="true">
                <value type="string">$(itemRoot)/icon.png</value>
            </property>
            <property name="Web">
                <value type="string">templates/launchpad-page</value>
            </property>
            <property label="Version" name="version" viewHint="text-input,admin,designModeOnly">
                <value type="string">1.1.4</value>
            </property>
            <property name="title">
                <value type="string">Launchpad Page Template</value>
            </property>
            <property name="BundleName" manageable="true">
                <value type="string">$(itemRoot)</value>
            </property>
        </properties>
    </template>
</catalog>
