<?xml version="1.0" encoding="UTF-8" standalone="yes"?>
<catalog totalSize="1">
    <widget>
        <name>widget-checking-account-transaction-history</name>
        <tags/>
        <lockState>UNLOCKED</lockState>
        <properties>
            <property name="ImgTh" manageable="true">
                <value type="string">$(itemRoot)/media/th.png</value>
            </property>
            <property name="noRecordsFound">
                <value type="string">No Records Found</value>
            </property>
            <property name="src" manageable="true">
                <value type="string">$(itemRoot)/index.html</value>
            </property>
            <property label="Title" name="title" viewHint="text-input,user,designModeOnly">
                <value type="string">Checking Accounts Transaction History </value>
            </property>
            <property name="serverError">
                <value type="string">Server is not responding</value>
            </property>
            <property name="thumbnailUrl" manageable="true">
                <value type="string">$(itemRoot)/icon.png</value>
            </property>
            <property name="TemplateName">
                <value type="string">Standard_Widget</value>
            </property>
            <property name="widgetChrome">
                <value type="string">$(contextRoot)/static/backbase.com.2012.aurora/html/chromes/widget_none.html</value>
            </property>
            <property name="downloadElectronic" manageable="true">
                <value type="string">$(itemRoot)/media/download-electronic.png</value>
            </property>
            <property name="downloadTrans" manageable="true">
                <value type="string">$(itemRoot)/media/download-trans.png</value>
            </property>
			<property name="loginsuccess">
				<value type="string">$(servicesPath)/bpi-portal/loginsuccess</value>
			</property>
			<property name="checkingTransactionHistory">
				<value type="string">$(servicesPath)/services/rest/v1/SavingsAndCheckingTransactionHistory</value>
			</property>
        </properties>
    </widget>
</catalog>
