<?xml version="1.0" encoding="UTF-8" standalone="yes"?>
<catalog totalSize="1">
    <widget>
        <name>widget-investment-transaction-history</name>
        <tags/>
        <lockState>UNLOCKED</lockState>
        <properties>
            <property name="noRecordsFound">
                <value type="string">No Records Found</value>
            </property>
            <property name="src" manageable="true">
                <value type="string">$(itemRoot)/index.html</value>
            </property>
            <property name="downloadTrans" manageable="true">
                <value type="string">$(itemRoot)/media/download-trans.png</value>
            </property>
            <property label="Title" name="title" viewHint="text-input,user,designModeOnly">
                <value type="string">Investment Transaction History </value>
            </property>
            <property name="serverError">
                <value type="string">Server is not responding</value>
            </property>  
			<property name="noRecordsFound">
                <value type="string">You have no transactions for the last 180 days.</value>
            </property>
            <property name="thumbnailUrl" manageable="true">
                <value type="string">$(itemRoot)/icon.png</value>
            </property>
            <property name="TemplateName">
                <value type="string">Standard_Widget</value>
            </property>
            <property name="widgetChrome">
                <value type="string">$(contextRoot)/static/backbase.com.2012.aurora/html/chromes/widget_none.html</value>
            </property>
            <property name="investmentMutualFund" manageable="true">
                <value type="string">$(itemRoot)/media/mf.jpg</value>
            </property>
            <property name="investmentUitf" manageable="true">
                <value type="string">$(itemRoot)/media/uitf.png</value>
            </property>
			<property name="goToHome">
				<value type="string">$(servicesPath)/bpi-portal/loginsuccess</value>
			</property>
			<property name="investmentTransactionDetails">
				<value type="string">$(servicesPath)/bpi-portal/investmentstransactionhistorydetails</value>
			</property>
			<property name="investmentTransactionService">
				<value type="string">$(servicesPath)/services/rest/v1/investmentstransactionhistory</value>
			</property>
				<property name="alfMutualFunds">
                <value type="string">https://www.alfmmutualfunds.com</value>
            </property>
			<property name="glossary">
                <value type="string">http://www.alfmmutualfunds.com/upload/files/mutual-funds/Glossary.pdf</value>
            </property>
        </properties>
    </widget>
</catalog>
